{"marker":"NON_PRODUCTION","cpmCommit":"9272f4f9c36a2bbd6986e6da65bf7091369cb12b","layering":{"absoluteThenLookDeg":30.000001,"after100ResetLoopsDeg":30.000001,"bothAdditiveDeg":35.0,"lookThenAbsoluteDeg":10.0,"scaleAfterZeroTwoZero":[1.0,2.0,1.0]},"timeline":{"loopOneFrame":[0.0,0.0,0.0,0.0],"loopTwoFrames":{"t0":0.0,"t500":10.0,"t999":0.02,"t1000":0.0},"singleOneFrame":[0.0,0.0,0.0,0.0],"singleTwoFrames":{"t0":0.0,"t500":5.0,"t999":9.99,"t1000":0.0,"t1001":0.01},"singleThreeFrames":{"t0":0.0,"t500":10.0,"t999":19.98,"t1000":0.0}}}
